Country,ISO 3166-1 alpha-3,Year,Total,Coal,Oil,Gas,Cement,Flaring,Other,Per Capita,"Density
(P/Km2)",Abbreviation,Agricultural Land( %),Land Area(Km2),Armed Forces size,Birth Rate,Calling Code,Capital/Major City,Co2-Emissions,CPI,CPI Change (%),Currency-Code,Fertility Rate,Forested Area (%),Gasoline Price,GDP,Gross primary education enrollment (%),Gross tertiary education enrollment (%),Infant mortality,Largest city,Life expectancy,Maternal mortality ratio,Minimum wage,Official language,Out of pocket health expenditure,Physicians per thousand,Population,Population: Labor force participation (%),Tax revenue (%),Total tax rate,Unemployment rate,Urban_population,Latitude,Longitude
Afghanistan,AFG,2021,11.874211,4.203536,7.41957,0.238847,0.012259,0,0,0.296119,60,AF,0.581,652230,323000,32.49,93,Kabul,8672,149.9,0.023,AFN,4.47,0.021,0.7,19101353833.00,1.04,0.097,47.9,Kabul,64.5,638,0.43,Pashto,0.784,0.28,38041754,0.489,0.093,0.714,0.1112,9797273,33.93911,67.709953
Albania,ALB,2021,4.619109,0.174413,3.246273,0.150245,1.048179,0,0,1.618066,105,AL,0.431,28748,9000,11.78,355,Tirana,4536,119.05,0.014,ALL,1.62,0.281,1.36,15278077447.00,1.07,0.55,7.8,Tirana,78.5,15,1.12,Albanian,0.569,1.2,2854191,0.557,0.186,0.366,0.1233,1747593,41.153332,20.168331
Algeria,DZA,2021,176.26907,1.095536,56.020598,92.791955,11.028039,15.332942,0,3.989977,18,DZ,0.174,2381741,317000,24.28,213,Algiers,150006,151.36,0.02,DZD,3.02,0.008,0.28,169988236398.00,1.099,0.514,20.1,Algiers,76.7,112,0.95,Arabic,0.281,1.72,43053054,0.412,0.372,0.661,0.117,31510100,28.033886,1.659626
Andorra,AND,2021,0.452888,0,0.452888,0,0,0,0,5.730292,164,AD,0.4,468,0,7.2,376,Andorra la Vella,469,0,0,EUR,1.27,0.34,1.51,3154057987.00,1.064,0,2.7,Andorra la Vella,0,0,6.63,Catalan,0.364,3.33,77142,0,0,0,0,67873,42.506285,1.521801
Angola,AGO,2021,21.362717,0,13.901716,2.951298,1.12373,3.385974,0,0.619141,26,AO,0.475,1246700,117000,40.73,244,Luanda,34693,261.73,0.171,AOA,5.52,0.463,0.97,94635415870.00,1.135,0.093,51.6,Luanda,60.8,241,0.71,Portuguese,0.334,0.21,31825295,0.775,0.092,0.491,0.0689,21061025,-11.202692,17.873887
Antigua and Barbuda,ATG,2021,0.468695,0,0.468695,0,0,0,0,5.027895,223,AG,0.205,443,0,15.33,1,"St. John's, Saint John",557,113.81,0.012,XCD,1.99,0.223,0.99,1727759259.00,1.05,0.248,5,"St. John's, Saint John",76.9,42,3.04,English,0.243,2.76,97118,0,0.165,0.43,0,23800,17.060816,-61.796428
Anguilla,AIA,2021,0.144744,0,0.144744,0,0,0,0,9.188354,0,0,0,0,0,0,0,0,0,0,0,0,0,0,0,0.00,0,0,0,0,0,0,0,0,0,0,0,0,0,0,0,0,0,0
Argentina,ARG,2021,186.448284,4.816141,80.30911,94.327529,4.670734,2.32477,0,4.117967,17,AR,0.543,2780400,105000,17.02,54,Buenos Aires,201348,232.75,0.535,ARS,2.26,0.098,1.1,449663446954.00,1.097,0.9,8.8,Buenos Aires,76.5,39,3.35,Spanish,0.176,3.96,44938712,0.613,0.101,1.063,0.0979,41339571,-38.416097,-63.616672
Armenia,ARM,2021,6.806045,0.012484,0.991559,5.460901,0.341102,0,0,2.438591,104,AM,0.589,29743,49000,13.99,374,Yerevan,5156,129.18,0.014,AMD,1.76,0.117,0.77,13672802158.00,0.927,0.546,11,Yerevan,74.9,26,0.66,Armenian,0.816,4.4,2957731,0.556,0.209,0.226,0.1699,1869848,40.069099,45.038189
Antarctica,ATA,2021,0,0,0,0,0,0,0,0,0,0,0,0,0,0,0,0,0,0,0,0,0,0,0,0.00,0,0,0,0,0,0,0,0,0,0,0,0,0,0,0,0,0,0
Australia,AUS,2021,391.187411,150.958384,139.155751,77.242144,2.820162,17.272753,3.738217,15.091473,3,AU,0.482,7741220,58000,12.6,61,Canberra,375908,119.8,0.016,AUD,1.74,0.163,0.93,1392680589329.00,1.003,1.131,3.1,Sydney,82.7,6,13.59,None,0.196,3.68,25766605,0.655,0.23,0.474,0.0527,21844756,-25.274398,133.775136
Austria,AUT,2021,64.625588,12.269229,31.462607,17.839483,1.821123,0.10925,1.123897,7.24333,109,AT,0.324,83871,21000,9.7,43,Vienna,61448,118.06,0.015,EUR,1.47,0.469,1.2,446314739528.00,1.031,0.851,2.9,Vienna,81.6,5,0,German,0.179,5.17,8877067,0.607,0.254,0.514,0.0467,5194416,47.516231,14.550072
Azerbaijan,AZE,2021,38.492804,0.003664,11.110517,26.029329,1.096472,0.252822,0,3.732457,123,AZ,0.577,86600,82000,14,994,Baku,37620,156.32,0.026,AZN,1.73,0.141,0.56,39207000000.00,0.997,0.277,19.2,Baku,72.9,26,0.47,Azerbaijani language,0.786,3.45,10023318,0.665,0.13,0.407,0.0551,5616165,40.143105,47.576927
Bahrain,BHR,2021,39.016088,0,3.550339,34.595877,0.6147,0.255172,0,26.66372,2239,BH,0.111,765,19000,13.99,973,Manama,31694,117.59,0.021,BHD,1.99,0.008,0.43,38574069149.00,0.994,0.505,6.1,Riffa,77.2,14,0,Arabic,0.251,0.93,1501635,0.734,0.042,0.138,0.0071,1467109,26.0667,50.5577
Aruba,ABW,2021,0.858126,0,0.858126,0,0,0,0,8.054722,0,0,0,0,0,0,0,0,0,0,0,0,0,0,0,0.00,0,0,0,0,0,0,0,0,0,0,0,0,0,0,0,0,0,0
Bangladesh,BGD,2021,93.175944,14.852834,18.057137,58.74329,1.473934,0.048748,0,0.550177,1265,BD,0.706,148460,221000,18.18,880,Dhaka,84246,179.68,0.056,BDT,2.04,0.11,1.12,302571254131.00,1.165,0.206,25.1,Dhaka,72.3,173,0.51,Bengali,0.718,0.58,167310838,0.59,0.088,0.334,0.0419,60987417,23.684994,90.356331
Barbados,BRB,2021,1.125301,0,0.978746,0.057667,0.070568,0.01832,0,4.001781,668,BB,0.233,430,1000,10.65,1,Bridgetown,1276,134.09,0.041,BBD,1.62,0.147,1.81,5209000000.00,0.994,0.654,11.3,Bridgetown,79.1,27,3.13,English,0.452,2.48,287025,0.652,0.275,0.356,0.1033,89431,13.193887,-59.543198
Belarus,BLR,2021,59.602457,3.281815,16.98652,36.052508,2.302394,0.006232,0.972988,6.222741,47,BY,0.42,207600,155000,9.9,375,Minsk,58280,0,0.056,BYN,1.45,0.426,0.6,63080457023.00,1.005,0.874,2.6,Minsk,74.2,2,1.49,Russian,0.345,5.19,9466856,0.641,0.147,0.533,0.0459,7482982,53.709807,27.953389
Belgium,BEL,2021,95.722285,11.015942,44.567181,35.777219,2.634278,0.101449,1.626217,8.243806,383,BE,0.446,30528,32000,10.3,32,City of Brussels,96889,117.11,0.014,EUR,1.62,0.226,1.43,529606710418.00,1.039,0.797,2.9,Brussels,81.6,5,10.31,French,0.176,3.07,11484055,0.536,0.24,0.554,0.0559,11259082,50.503887,4.469936
Bahamas,BHS,2021,2.386463,0.005078,2.381386,0,0,0,0,5.850522,0,0,0,0,0,0,0,0,0,0,0,0,0,0,0,0.00,0,0,0,0,0,0,0,0,0,0,0,0,0,0,0,0,0,0
Belize,BLZ,2021,0.689321,0,0.684527,0,0,0.004794,0,1.72317,17,BZ,0.07,22966,2000,20.79,501,Belmopan,568,105.68,-0.009,BZD,2.31,0.597,1.13,1879613600.00,1.117,0.247,11.2,Belize City,74.5,36,1.65,English,0.227,1.12,390353,0.651,0.263,0.311,0.0641,179039,17.189877,-88.49765
Benin,BEN,2021,7.755815,0.28435,6.960807,0.123021,0.387637,0,0,0.596744,108,BJ,0.333,112622,12000,36.22,229,Porto-Novo,6476,110.71,-0.009,XOF,4.84,0.378,0.72,14390709095.00,1.22,0.123,60.5,Cotonou,61.5,397,0.39,French,0.405,0.08,11801151,0.709,0.108,0.489,0.0223,5648149,9.30769,2.315834
Bhutan,BTN,2021,1.522086,0.448014,0.619953,0,0.454119,0,0,1.957702,20,BT,0.136,38394,6000,17.26,975,Thimphu,1261,167.18,0.027,,1.98,0.725,0.98,2446674101.00,1.001,0.156,24.8,Thimphu,71.5,183,0.32,Dzongkha,0.198,0.42,727145,0.667,0.16,0.353,0.0234,317538,27.514162,90.433601
Bolivia,BOL,2021,23.321669,0.013237,13.30371,8.523604,1.419773,0.061344,0,1.930686,11,BO,0.348,1098581,71000,21.75,591,Sucre,21606,148.32,0.018,BOB,2.73,0.503,0.71,40895322865.00,0.982,0,21.8,Santa Cruz de la Sierra,71.2,155,1.36,Spanish,0.259,1.59,11513100,0.718,0.17,0.837,0.035,8033035,-16.290154,-63.588653
Bosnia and Herzegovina,BIH,2021,13.566311,8.294507,4.41825,0.488297,0.365257,0,0,4.147523,64,BA,0.431,51197,11000,8.11,387,Sarajevo,21848,104.9,0.006,BAM,1.27,0.427,1.05,20047848435.00,0,0.233,5,Tuzla Canton,77.3,10,1.04,Bosnian,0.286,2.16,3301000,0.464,0.204,0.237,0.1842,1605144,43.915886,17.679076
Botswana,BWA,2021,6.499919,3.653634,2.846285,0,0,0,0,2.51115,4,BW,0.456,581730,9000,24.82,267,Gaborone,6340,149.75,0.028,BWP,2.87,0.189,0.71,18340510789.00,1.032,0.249,30,Gaborone,69.3,144,0.29,English,0.053,0.37,2346179,0.708,0.195,0.251,0.1819,1616550,-22.328474,24.684866
Brazil,BRA,2021,488.88107,68.229888,296.986854,75.974385,23.792942,17.505,6.392,2.281014,25,BR,0.339,8515770,730000,13.92,55,Bras���,462299,167.4,0.037,BRL,1.73,0.589,1.02,1839758040766.00,1.154,0.513,12.8,S����,75.7,60,1.53,Portuguese,0.283,2.15,212559417,0.639,0.142,0.651,0.1208,183241641,-14.235004,-51.92528
Bulgaria,BGR,2021,42.56021,20.853566,12.778482,6.06179,1.065905,0.684223,1.116245,6.180805,64,BG,0.463,110879,31000,8.9,359,Sofia,41708,114.42,0.031,BGN,1.56,0.354,1.11,86000000000.00,0.893,0.71,5.9,Sofia,74.9,10,1.57,Bulgarian,0.477,4.03,6975761,0.554,0.202,0.283,0.0434,5256027,42.733883,25.48583
Bermuda,BMU,2021,0.54796,0,0.54796,0,0,0,0,8.537196,0,0,0,0,0,0,0,0,0,0,0,0,0,0,0,0.00,0,0,0,0,0,0,0,0,0,0,0,0,0,0,0,0,0,0
Burkina Faso,BFA,2021,5.698262,0,4.845777,0,0.852485,0,0,0.257832,76,BF,0.442,274200,11000,37.93,226,Ouagadougou,3418,106.58,-0.032,XOF,5.19,0.193,0.98,15745810235.00,0.961,0.065,49,Ouagadougou,61.2,320,0.34,French,0.361,0.08,20321378,0.664,0.15,0.413,0.0626,6092349,12.238333,-1.561593
Burundi,BDI,2021,0.692908,0.049964,0.613882,0,0.029062,0,0,0.055206,463,BI,0.792,27830,31000,39.01,257,Bujumbura,495,182.11,-0.007,BIF,5.41,0.109,1.21,3012334882.00,1.214,0.061,41,Bujumbura,61.2,548,0,Kirundi,0.191,0.1,11530580,0.792,0.136,0.412,0.0143,1541177,-3.373056,29.918886
"Bonaire, Saint Eustatius and Saba",BES,2021,0.103389,0,0.103389,0,0,0,0,3.871365,0,0,0,0,0,0,0,0,0,0,0,0,0,0,0,0.00,0,0,0,0,0,0,0,0,0,0,0,0,0,0,0,0,0,0
Cape Verde,CPV,2021,0.667694,0,0.667694,0,0,0,0,1.135678,138,CV,0.196,4033,1000,19.49,238,Praia,543,110.5,0.011,CVE,2.27,0.225,1.02,1981845741.00,1.04,0.236,16.7,Praia,72.8,58,0.68,Portuguese,0.232,0.77,483628,0.605,0.201,0.375,0.1225,364029,16.5388,-23.0418
Cambodia,KHM,2021,19.028598,4.698298,8.981376,0,5.325217,0.023707,0,1.14706,95,KH,0.309,181035,191000,22.46,855,Phnom Penh,9919,127.63,0.025,,2.5,0.529,0.9,27089389787.00,1.074,0.137,24,Phnom Penh,69.6,160,0,Khmer language,0.594,0.17,16486542,0.823,0.171,0.231,0.0068,3924621,12.565679,104.990963
Cameroon,CMR,2021,9.297284,0,5.055503,1.611417,1.162479,1.467885,0,0.341829,56,CM,0.206,475440,24000,35.39,237,Yaound�,8291,118.65,0.025,XAF,4.57,0.393,1.03,38760467033.00,1.034,0.128,50.6,Douala,58.9,529,0.35,French,0.697,0.09,25876380,0.761,0.128,0.577,0.0338,14741256,7.369722,12.354722
Canada,CAN,2021,545.634517,43.86208,241.659653,235.381822,6.624708,16.056983,2.049271,14.300468,4,CA,0.069,9984670,72000,10.1,1,Ottawa,544894,116.76,0.019,CAD,1.5,0.382,0.81,1736425629520.00,1.009,0.689,4.3,Toronto,81.9,10,9.51,French,0.146,2.61,36991981,0.651,0.128,0.245,0.0556,30628482,56.130366,-106.346771
British Virgin Islands,VGB,2021,0.158529,0,0.158529,0,0,0,0,5.093802,0,0,0,0,0,0,0,0,0,0,0,0,0,0,0,0.00,0,0,0,0,0,0,0,0,0,0,0,0,0,0,0,0,0,0
Chad,TCD,2021,1.939918,0,1.440763,0,0.162747,0.336407,0,0.112919,13,TD,0.397,1284000,35000,42.17,235,N'Djamena,1016,117.7,-0.01,XAF,5.75,0.038,0.78,11314951343.00,0.868,0.033,71.4,N'Djamena,54,1140,0.6,French,0.564,0.04,15946876,0.707,0,0.635,0.0189,3712273,15.454166,18.732207
Brunei Darussalam,BRN,2021,10.480519,0.385681,3.878683,5.810752,0,0.405403,0,23.532003,0,0,0,0,0,0,0,0,0,0,0,0,0,0,0,0.00,0,0,0,0,0,0,0,0,0,0,0,0,0,0,0,0,0,0
Chile,CHL,2021,85.446923,26.184921,46.81935,11.605704,0.825329,0.011618,0,4.383426,26,CL,0.212,756096,122000,12.43,56,Santiago,85822,131.91,0.026,CLP,1.65,0.243,1.03,282318159745.00,1.014,0.885,6.2,Santiago,80,13,2,Spanish,0.322,2.59,18952038,0.626,0.182,0.34,0.0709,16610135,-35.675147,-71.542969
China,CHN,2021,11472.36917,7955.985419,1713.33998,773.866062,852.961348,4.677478,171.538883,8.045741,153,CN,0.562,9596960,2695000,10.9,86,Beijing,9893038,125.08,0.029,CNY,1.69,0.224,0.96,19910000000000.00,1.002,0.506,7.4,Shanghai,77,29,0.87,Standard Chinese,0.324,1.98,1397715000,0.68,0.094,0.592,0.0432,842933962,35.86166,104.195397
Colombia,COL,2021,91.70338,12.015417,49.944936,23.256673,5.870597,0.615756,0,1.780076,46,CO,0.403,1138910,481000,14.88,57,Bogot�,97814,140.95,0.035,COP,1.81,0.527,0.68,323802808108.00,1.145,0.553,12.2,Bogot�,77.1,83,1.23,Spanish,0.183,2.18,50339443,0.688,0.144,0.712,0.0971,40827302,4.570868,-74.297333
Comoros,COM,2021,0.298171,0,0.298171,0,0,0,0,0.362904,467,KM,0.715,2235,0,31.88,269,"Moroni, Comoros",202,103.62,-0.043,KMF,4.21,0.197,0,1185728677.00,0.995,0.09,51.3,"Moroni, Comoros",64.1,273,0.71,French,0.748,0.27,850886,0.433,0,2.196,0.0434,248152,-11.6455,43.3333
Costa Rica,CRI,2021,7.819507,0,7.082909,0,0.736598,0,0,1.517185,100,CR,0.345,51100,10000,13.97,506,San Jos������,8023,128.85,0.021,CRC,1.75,0.546,0.98,61773944174.00,1.133,0.552,7.6,San Jos������,80.1,27,1.84,Spanish,0.215,2.89,5047561,0.621,0.136,0.583,0.1185,4041885,9.748917,-83.753428
Croatia,HRV,2021,17.701451,1.685619,9.05049,5.310927,1.212949,0.288184,0.153282,4.359818,73,HR,0.276,56594,18000,9,385,Zagreb,17488,109.82,0.008,HRK,1.47,0.344,1.26,60415553039.00,0.965,0.679,4,Zagreb,78.1,8,2.92,Croatian,0.152,3,4067500,0.512,0.22,0.205,0.0693,2328318,45.1,15.2
Cuba,CUB,2021,22.05733,0.005078,19.137243,2.209094,0.633291,0.072624,0,1.959542,106,CU,0.599,110860,76000,10.17,53,Havana,28284,0,0,CUP,1.62,0.313,1.4,100023000000.00,1.019,0.414,3.7,Havana,78.7,36,0.05,Spanish,0,8.42,11333483,0.536,0,0,0.0164,8739135,21.521757,-77.781167
Central African Rep.,CAF,2021,0.227296,0,0.227296,0,0,0,0,0.041651,0,0,0,0,0,0,0,0,0,0,0,0,0,0,0,0.00,0,0,0,0,0,0,0,0,0,0,0,0,0,0,0,0,0,0
Cyprus,CYP,2021,7.600422,0.201473,6.496579,0.00022,0.882317,0,0.019833,6.108741,131,CY,0.122,9251,16000,10.46,357,Nicosia,6626,102.51,0.003,EUR,1.33,0.187,1.23,24564647935.00,0.993,0.759,1.9,Statos�������,80.8,6,0,Greek,0.439,1.95,1198575,0.631,0.245,0.224,0.0727,800708,35.126413,33.429859
Czech Republic,CZE,2021,97.138329,51.777952,23.232264,18.681187,1.891029,0.052561,1.503336,9.241807,139,CZ,0.452,78867,23000,10.7,420,Prague,102218,116.48,0.028,CZK,1.69,0.346,1.17,246489245495.00,1.007,0.641,2.7,Prague,79,3,3,Czech,0.148,4.12,10669709,0.606,0.149,0.461,0.0193,7887156,49.817492,15.472962
Dem. Rep. Congo,COD,2021,2.606688,0,2.155646,0,0.451042,0,0,0.027183,40,CD,0.116,2344858,134000,41.18,243,Kinshasa,2021,133.85,0.029,CDF,5.92,0.672,1.49,47319624204.00,1.08,0.066,68.2,Kinshasa,60.4,473,0.18,French,0.374,0.07,86790567,0.635,0.107,0.507,0.0424,39095679,-4.038333,21.758664
Denmark,DNK,2021,29.576956,4.376753,18.665928,4.778313,1.226954,0.126262,0.402746,5.052228,137,DK,0.62,43094,15000,10.6,45,Copenhagen,31786,110.35,0.008,DKK,1.73,0.147,1.55,348078018464.00,1.013,0.806,3.6,Copenhagen,81,4,0,Danish,0.137,4.01,5818553,0.622,0.324,0.238,0.0491,5119978,56.26392,9.501785
Christmas Island,CXR,2021,0,0,0,0,0,0,0,0,0,0,0,0,0,0,0,0,0,0,0,0,0,0,0,0.00,0,0,0,0,0,0,0,0,0,0,0,0,0,0,0,0,0,0
Djibouti,DJI,2021,0.379178,0,0.301679,0,0.077499,0,0,0.342974,43,DJ,0.734,23200,13000,21.47,253,Djibouti City,620,120.25,0.033,DJF,2.73,0.002,1.32,3318716359.00,0.753,0.053,49.8,Djibouti City,66.6,248,0,French,0.204,0.22,973560,0.602,0,0.379,0.103,758549,11.825138,42.590275
Dominica,DMA,2021,0.158529,0,0.158529,0,0,0,0,2.189268,96,DM,0.333,751,0,12,1,Roseau,180,103.87,0.01,XCD,1.9,0.574,0,596033333.00,1.147,0.072,32.9,Roseau,76.6,0,1.48,English,0.284,1.08,71808,0,0.221,0.326,0,50830,15.414999,-61.370976
Dominican Republic,DOM,2021,28.922094,4.524063,19.237185,2.989818,2.171027,0,0,2.601405,225,DO,0.487,48670,71000,19.51,1,Santo Domingo,25258,135.5,0.018,DOP,2.35,0.417,1.07,88941298258.00,1.057,0.599,24.1,Santo Domingo,73.9,95,0.4,Spanish,0.437,1.56,10738958,0.643,0.13,0.488,0.0584,8787475,18.735693,-70.162651
Ecuador,ECU,2021,41.321734,0,35.500845,1.026362,2.47237,2.322157,0,2.321741,71,EC,0.222,283561,41000,19.72,593,Quito,41155,124.14,0.003,USD,2.43,0.502,0.61,107435665000.00,1.033,0.449,12.2,Quito,76.8,59,2.46,Spanish,0.437,2.04,17373662,0.68,0,0.344,0.0397,11116711,-1.831239,-78.183406
Congo,COG,2021,7.464369,0,2.027334,2.292486,0.28287,2.86168,0,1.279064,0,0,0,0,0,0,0,0,0,0,0,0,0,0,0,0.00,0,0,0,0,0,0,0,0,0,0,0,0,0,0,0,0,0,0
Egypt,EGY,2021,249.624151,6.228362,97.011732,126.313455,16.155578,3.915025,0,2.284635,103,EG,0.038,1001450,836000,26.38,20,Cairo,238560,288.57,0.092,EGP,3.33,0.001,0.4,303175127598.00,1.063,0.352,18.1,Cairo,71.8,37,0,Modern Standard Arabic,0.62,0.45,100388073,0.464,0.125,0.444,0.1076,42895824,26.820553,30.802498
El Salvador,SLV,2021,7.204384,0.004499,6.742418,0,0.457466,0,0,1.140987,313,SV,0.764,21041,42000,18.25,503,San Salvador,7169,111.23,0.001,,2.04,0.126,0.83,27022640000.00,0.948,0.294,11.8,San Salvador,73.1,46,0.5,Spanish,0.279,1.57,6453553,0.591,0.181,0.364,0.0411,4694702,13.794185,-88.89653
Cook Islands,COK,2021,0.091403,0,0.091403,0,0,0,0,5.375721,0,0,0,0,0,0,0,0,0,0,0,0,0,0,0,0.00,0,0,0,0,0,0,0,0,0,0,0,0,0,0,0,0,0,0
Equatorial Guinea,GNQ,2021,5.224788,0,1.11815,3.627915,0,0.478723,0,3.196633,50,GQ,0.101,28051,1000,33.24,240,Malabo,5655,124.35,0.012,XAF,4.51,0.555,0,11026774945.00,0.618,0.019,62.6,Malabo,58.4,301,1.05,Spanish,0.72,0.4,1355986,0.62,0.061,0.794,0.0643,984812,1.650801,10.267895
Eritrea,ERI,2021,0.820601,0,0.712103,0,0.108498,0,0,0.226666,35,ER,0.752,117600,202000,30.3,291,Asmara,711,0,0,ERN,4.06,0.149,2,2065001626.00,0.684,0.034,31.3,Asmara,65.9,480,0,Tigrinya,0.524,0.06,6333135,0.784,0,0.837,0.0514,1149670,15.179384,39.782334
Estonia,EST,2021,10.449021,6.221633,3.226733,0.914581,0.020121,0.000028,0.065924,7.864087,31,EE,0.231,45228,6000,10.9,372,Tallinn,16590,122.14,0.023,EUR,1.59,0.513,1.14,31386949981.00,0.972,0.696,2.1,Tallinn,78.2,9,3.14,Estonian,0.228,4.48,1331824,0.636,0.209,0.478,0.0511,916024,58.595272,25.013607
Côte d'Ivoire,CIV,2021,11.706642,0,6.748904,4.929332,0,0.028407,0,0.426033,0,0,0,0,0,0,0,0,0,0,0,0,0,0,0,0.00,0,0,0,0,0,0,0,0,0,0,0,0,0,0,0,0,0,0
Ethiopia,ETH,2021,17.792552,1.264484,12.614389,0,3.91368,0,0,0.147922,115,ET,0.363,1104300,138000,32.34,251,Addis Ababa,14870,143.86,0.158,ETB,4.25,0.125,0.75,96107662398.00,1.01,0.081,39.1,Addis Ababa,66.2,401,0,Amharic,0.378,0.08,112078730,0.796,0.075,0.377,0.0208,23788710,9.145,40.489673
Fiji,FJI,2021,1.470402,0,1.470402,0,0,0,0,1.590295,49,FJ,0.233,18274,4000,21.28,679,Suva,2046,132.3,0.018,FJD,2.77,0.559,0.82,5535548972.00,1.064,0.161,21.6,Suva,67.3,34,1.28,Fiji Hindi,0.214,0.84,889953,0.576,0.242,0.321,0.041,505048,-17.713371,178.065032
Finland,FIN,2021,37.602328,12.291231,19.82569,4.26656,0.569667,0.07576,0.57342,6.792338,18,FI,0.075,338145,25000,8.6,358,Helsinki,45871,112.33,0.01,EUR,1.41,0.731,1.45,268761201365.00,1.002,0.882,1.4,Helsinki,81.7,3,0,Swedish,0.199,3.81,5520314,0.591,0.208,0.366,0.0659,4716888,61.92411,25.748151
Cura�ao,CUW,2021,1.843765,0,1.843765,0,0,0,0,9.686792,0,0,0,0,0,0,0,0,0,0,0,0,0,0,0,0.00,0,0,0,0,0,0,0,0,0,0,0,0,0,0,0,0,0,0
France,FRA,2021,305.96371,28.877789,179.745984,85.58048,5.994268,2.14858,3.616609,4.741312,119,FR,0.524,643801,307000,11.3,33,Paris,303276,110.05,0.011,EUR,1.88,0.312,1.39,2715518274227.00,1.025,0.656,3.4,Paris,82.5,8,11.16,French,0.068,3.27,67059887,0.551,0.242,0.607,0.0843,54123364,46.227638,2.213749
Gabon,GAB,2021,5.712477,0,1.869693,1.117309,0.209246,2.51623,0,2.44,9,GA,0.2,267667,7000,31.61,241,Libreville,5321,122.19,0.021,XAF,3.97,0.9,0.92,16657960228.00,1.399,0.083,32.7,Libreville,66.2,252,1.46,French,0.259,0.68,2172579,0.529,0.102,0.471,0.2,1949694,-0.803689,11.609444
Georgia,GEO,2021,11.009796,0.527202,3.384559,6.03902,1.056685,0.002331,0,2.929711,57,GE,0.345,69700,26000,13.47,995,Tbilisi,10128,133.61,0.049,GEL,2.06,0.406,0.76,17743195770.00,0.986,0.639,8.7,Tbilisi,73.6,25,0.05,Georgian,0.573,7.12,3720382,0.683,0.217,0.099,0.144,2196476,42.315407,43.356892
Germany,DEU,2021,674.753566,230.221049,248.200624,173.484052,13.233969,1.807425,7.806447,8.089741,240,DE,0.477,357022,180000,9.5,49,Berlin,727973,112.85,0.014,EUR,1.56,0.327,1.39,3845630030824.00,1.04,0.702,3.1,Berlin,80.9,7,9.99,German,0.125,4.25,83132799,0.608,0.115,0.488,0.0304,64324835,51.165691,10.451526
Ghana,GHA,2021,21.312801,0,13.113984,4.751163,2.321083,1.126571,0,0.649127,137,GH,0.69,238533,16000,29.41,233,Accra,16670,268.36,0.072,GHS,3.87,0.412,0.92,66983634224.00,1.048,0.157,34.9,Accra,63.8,308,0.27,English,0.361,0.14,30792608,0.678,0.126,0.554,0.0433,17249054,7.946527,-1.023194
Greece,GRC,2021,56.309279,9.775375,31.013853,12.152421,2.977784,0.005171,0.384674,5.390839,81,GR,0.476,131957,146000,8.1,30,Athens,62434,101.87,0.002,EUR,1.35,0.317,1.54,209852761469.00,0.996,1.366,3.6,Macedonia,81.3,3,4.46,Greek,0.355,5.48,10716322,0.518,0.262,0.519,0.1724,8507474,39.074208,21.824312
Grenada,GRD,2021,0.31921,0,0.31921,0,0,0,0,2.56167,331,GD,0.235,349,0,16.47,1,"St. George's, Grenada",268,107.43,0.008,XCD,2.06,0.5,1.12,1228170370.00,1.069,1.046,13.7,"St. George's, Grenada",72.4,25,0,English,0.57,1.41,112003,0,0.194,0.478,0,40765,12.1165,-61.679
Guatemala,GTM,2021,20.327104,5.538529,13.314592,0,1.380153,0.093831,0,1.154393,167,GT,0.36,108889,43000,24.56,502,Guatemala City,16777,142.92,0.037,GTQ,2.87,0.327,0.79,76710385880.00,1.019,0.218,22.1,Guatemala City,74.1,95,1.6,Spanish,0.558,0.35,16604026,0.623,0.106,0.352,0.0246,8540945,15.783471,-90.230759
Guinea,GIN,2021,4.841779,0,4.841779,0,0,0,0,0.357805,53,GN,0.59,245857,13000,36.36,224,Conakry,2996,262.95,0.095,GNF,4.7,0.258,0.9,13590281809.00,0.915,0.116,64.9,Kankan,61.2,576,0,French,0.545,0.08,12771246,0.615,0.108,0.693,0.043,4661505,9.945587,-9.696645
Guinea-Bissau,GNB,2021,0.351839,0,0.351839,0,0,0,0,0.170736,70,GW,0.58,36125,4000,35.13,245,Bissau,293,111.65,0.014,XOF,4.48,0.698,0,1340389411.00,1.187,0.026,54,Bissau,58,667,0.16,Portuguese,0.372,0.13,1920922,0.72,0.103,0.455,0.0247,840922,11.803749,-15.180413
Guyana,GUY,2021,3.087826,0,2.679087,0,0.16167,0.24707,0,3.837874,4,GY,0.086,214969,3000,19.97,592,"Georgetown, Guyana",2384,116.19,0.021,GYD,2.46,0.839,0.9,4280443645.00,0.978,0.116,25.1,"Georgetown, Guyana",69.8,169,0.98,English,0.405,0.8,782766,0.562,0,0.306,0.1185,208912,4.860416,-58.93018
Haiti,HTI,2021,2.875923,0,2.798387,0,0.077537,0,0,0.251226,414,HT,0.668,27750,0,24.35,509,Port-au-Prince,2978,179.29,0.125,HTG,2.94,0.035,0.81,8498981821.00,1.136,0.011,49.5,Port-au-Prince,63.7,480,0.25,French,0.363,0.23,11263077,0.672,0,0.427,0.1378,6328948,18.971187,-72.285215
Faeroe Islands,FRO,2021,0.698346,0,0.698346,0,0,0,0,13.203997,0,0,0,0,0,0,0,0,0,0,0,0,0,0,0,0.00,0,0,0,0,0,0,0,0,0,0,0,0,0,0,0,0,0,0
Honduras,HND,2021,10.897812,0,10.115401,0,0.782411,0,0,1.060269,89,HN,0.289,112090,23000,21.6,504,Tegucigalpa,9813,150.34,0.044,HNL,2.46,0.4,0.98,25095395475.00,0.915,0.262,15.1,Tegucigalpa,75.1,65,1.01,Spanish,0.491,0.31,9746117,0.688,0.173,0.391,0.0539,5626433,15.199999,-86.241905
Hungary,HUN,2021,48.454619,6.391263,18.375345,22.112327,0.928787,0.162081,0.484817,4.990287,107,HU,0.584,93028,40000,9.6,36,Budapest,45537,121.64,0.033,HUF,1.54,0.229,1.18,160967157504.00,1.008,0.485,3.6,Budapest,75.8,12,2.62,Hungarian,0.29,3.41,9769949,0.565,0.23,0.379,0.034,6999582,47.162494,19.503304
Iceland,ISL,2021,3.374964,0.667573,2.526131,0.0002,0,0.174873,0.006187,9.113272,3,IS,0.187,103000,0,12,354,Reykjav��,2065,129,0.03,ISK,1.71,0.005,1.69,24188035739.00,1.004,0.718,1.5,Reykjav��,82.7,4,0,Icelandic,0.17,4.08,361313,0.75,0.233,0.319,0.0284,339110,64.963051,-19.020835
India,IND,2021,2709.683625,1802.311897,622.148121,133.450811,149.001244,2.771552,0,1.925088,464,IN,0.604,3287263,3031000,17.86,91,New Delhi,2407672,180.44,0.077,INR,2.22,0.238,0.97,2611000000000.00,1.13,0.281,29.9,Kurebhar,69.4,145,0.3,Hindi,0.651,0.86,1366417754,0.493,0.112,0.497,0.0536,471031528,20.593684,78.96288
Indonesia,IDN,2021,619.277533,303.153575,210.249416,74.087852,28.637353,3.149338,0,2.262175,151,ID,0.315,1904569,676000,18.07,62,Jakarta,563325,151.18,0.03,IDR,2.31,0.499,0.63,1119190780753.00,1.064,0.363,21.1,Kalimantan,71.5,177,0.48,Indonesian,0.483,0.43,270203917,0.675,0.102,0.301,0.0469,151509724,-0.789275,113.921327
French Equatorial Africa,,2021,0,0,0,0,0,0,0,0,0,0,0,0,0,0,0,0,0,0,0,0,0,0,0,0.00,0,0,0,0,0,0,0,0,0,0,0,0,0,0,0,0,0,0
Iran,IRN,2021,748.878752,3.729952,222.961835,466.993766,22.524908,32.66829,0,8.517397,52,IR,0.282,1648195,563000,18.78,98,Tehran,661710,550.93,0.399,IRR,2.14,0.066,0.4,445345282123.00,1.107,0.681,12.4,Tehran,76.5,16,1.58,Persian,0.397,1.58,82913906,0.447,0.074,0.447,0.1138,62509623,32.427908,53.688046
Iraq,IRQ,2021,185.580695,0,116.833193,30.043944,5.238919,33.464639,0,4.262931,93,IQ,0.214,438317,209000,29.08,964,Baghdad,190061,119.86,0.004,IQD,3.67,0.019,0.61,234094042939.00,1.087,0.162,22.5,Baghdad,70.5,79,1.24,Arabic,0.765,0.71,39309783,0.43,0.02,0.308,0.1282,27783368,33.223191,43.679291
French Guiana,GUF,2021,0.651382,0,0.651382,0,0,0,0,2.189895,0,0,0,0,0,0,0,0,0,0,0,0,0,0,0,0.00,0,0,0,0,0,0,0,0,0,0,0,0,0,0,0,0,0,0
Israel,ISR,2021,54.528532,14.043493,19.610503,19.448837,1.424515,0.001184,0,6.126761,400,IL,0.246,20770,178000,20.8,972,Jerusalem,65166,108.15,0.008,ILS,3.09,0.077,1.57,395098666122.00,1.049,0.634,3,Jerusalem,82.8,3,7.58,Hebrew,0.244,4.62,9053300,0.64,0.231,0.253,0.0386,8374393,31.046051,34.851612
French Polynesia,PYF,2021,0.9498,0,0.9498,0,0,0,0,3.124014,0,0,0,0,0,0,0,0,0,0,0,0,0,0,0,0.00,0,0,0,0,0,0,0,0,0,0,0,0,0,0,0,0,0,0
Italy,ITA,2021,328.68732,23.999725,141.807282,150.955938,7.059192,2.112523,2.75266,5.548371,206,IT,0.432,301340,347000,7.3,39,Rome,320411,110.62,0.006,EUR,1.29,0.318,1.61,2001244392042.00,1.019,0.619,2.6,Rome,82.9,2,0,Italian,0.228,3.98,60297396,0.496,0.243,0.591,0.0989,42651966,41.87194,12.56738
Jamaica,JAM,2021,7.689743,0.370658,6.344618,0.572235,0.402231,0,0,2.719439,273,JM,0.41,10991,4000,16.1,1876,"Kingston, Jamaica",8225,162.47,0.039,JMD,1.98,0.309,1.11,16458071068.00,0.91,0.271,12.4,"Kingston, Jamaica",74.4,80,1.33,Jamaican English,0.237,1.31,2948279,0.66,0.268,0.351,0.08,1650594,18.109581,-77.297508
French West Africa,,2021,0,0,0,0,0,0,0,0,0,0,0,0,0,0,0,0,0,0,0,0,0,0,0,0.00,0,0,0,0,0,0,0,0,0,0,0,0,0,0,0,0,0,0
Japan,JPN,2021,1067.398435,418.820499,395.359389,221.525076,23.788868,0.344529,7.560075,8.565739,347,JP,0.123,377944,261000,7.4,81,Tokyo,1135886,105.48,0.005,,1.42,0.685,1.06,5081769542380.00,0.988,0.632,1.8,Tokyo,84.2,5,6.77,None,0.131,2.41,126226568,0.617,0.119,0.467,0.0229,115782416,36.204824,138.252924
Jordan,JOR,2021,25.593717,0.542521,15.079398,8.207051,1.76377,0.000978,0,2.295755,115,JO,0.12,89342,116000,21.98,962,Amman,25108,125.6,0.008,JOD,2.76,0.011,1.1,43743661972.00,0.815,0.344,13.9,Amman,74.4,46,1.49,Arabic,0.251,2.32,10101694,0.393,0.151,0.286,0.1472,9213048,30.585164,36.238414
Gambia,GMB,2021,0.655699,0,0.655699,0,0,0,0,0.248379,0,0,0,0,0,0,0,0,0,0,0,0,0,0,0,0.00,0,0,0,0,0,0,0,0,0,0,0,0,0,0,0,0,0,0
Kazakhstan,KAZ,2021,276.68346,180.818472,42.767601,27.98022,4.448138,16.843902,3.825127,14.413251,7,KZ,0.804,2724900,71000,21.77,7,Astana,247207,182.75,0.052,KZT,2.84,0.012,0.42,180161741180.00,1.044,0.617,8.8,Almaty,73.2,10,0.41,Russian,0.388,3.25,18513930,0.688,0.117,0.284,0.0459,10652915,48.019573,66.923684
Kenya,KEN,2021,19.875403,1.702633,14.589333,0,3.583437,0,0,0.374968,94,KE,0.485,580367,29000,28.75,254,Nairobi,17910,180.51,0.047,KES,3.49,0.078,0.95,95503088538.00,1.032,0.115,30.6,Nairobi,66.3,342,0.25,Swahili,0.334,0.16,52573973,0.747,0.151,0.372,0.0264,14461523,-0.023559,37.906193
Kiribati,KIR,2021,0.071533,0,0.071533,0,0,0,0,0.555062,147,KI,0.42,811,0,27.89,686,South Tarawa,66,99.55,0.006,AUD,3.57,0.15,0,194647202.00,1.013,0,41.2,South Tarawa,68.1,92,0,English,0.002,0.2,117606,0,0.22,0.327,0,64489,1.8368976,-157.3768317
Kuwait,KWT,2021,106.134264,0,53.736481,49.817295,1.222415,1.358074,0,24.972098,240,KW,0.084,17818,25000,13.94,965,Kuwait City,98734,126.6,0.011,KWD,2.08,0.004,0.35,134761198946.00,0.924,0.544,6.7,Kuwait City,75.4,12,0.95,Modern Standard Arabic,0.144,2.58,4207083,0.735,0.014,0.13,0.0218,4207083,29.31166,47.481766
Kyrgyzstan,KGZ,2021,9.308101,3.599533,4.234129,0.691823,0.782616,0,0,1.425929,34,KG,0.55,199951,21000,27.1,996,Bishkek,9787,155.68,0.011,KGS,3.3,0.033,0.56,8454619608.00,1.076,0.413,16.9,Bishkek,71.4,60,0.09,Russian,0.482,1.88,6456900,0.598,0.18,0.29,0.0633,2362644,41.20438,74.766098
Global,WLD,2021,37123.85035,14979.59808,11837.15912,7921.829472,1672.592372,416.525563,296.145746,4.693699,0,0,0,0,0,0,0,0,0,0,0,0,0,0,0,0.00,0,0,0,0,0,0,0,0,0,0,0,0,0,0,0,0,0,0
Laos,LAO,2021,20.7775,15.103899,3.624343,0,2.049258,0,0,2.798295,32,LA,0.103,236800,129000,23.55,856,Vientiane,17763,135.87,0.033,LAK,2.67,0.821,0.93,18173839128.00,1.024,0.15,37.6,Vientiane,67.6,185,0.83,Lao,0.454,0.37,7169455,0.785,0.129,0.241,0.0063,2555552,19.85627,102.495496
Latvia,LVA,2021,7.266214,0.137075,4.235802,2.27089,0.550832,0.000011,0.071604,3.87755,30,LV,0.311,64589,6000,10,371,Riga,7004,116.86,0.028,EUR,1.6,0.54,1.16,34117202555.00,0.994,0.881,3.3,Riga,74.7,19,2.8,Latvian,0.416,3.19,1912789,0.614,0.229,0.381,0.0652,1304943,56.879635,24.603189
Lebanon,LBN,2021,24.958901,0.43351,22.391777,0,2.133613,0,0,4.462819,667,LB,0.643,10400,80000,17.55,961,Beirut,24796,130.02,0.03,LBP,2.09,0.134,0.74,53367042272.00,0.951,0.263,6.4,"Tripoli, Lebanon",78.9,29,2.15,Arabic,0.321,2.1,6855713,0.47,0.153,0.322,0.0623,6084994,33.854721,35.862285
Greenland,GRL,2021,0.510659,0,0.510659,0,0,0,0,9.079509,0,0,0,0,0,0,0,0,0,0,0,0,0,0,0,0.00,0,0,0,0,0,0,0,0,0,0,0,0,0,0,0,0,0,0
Lesotho,LSO,2021,2.282165,1.5822,0.699965,0,0,0,0,1.000312,71,LS,0.776,30355,2000,26.81,266,Maseru,2512,155.86,0.052,,3.14,0.016,0.7,2460072444.00,1.209,0.102,65.7,Maseru,53.7,544,0.41,English,0.169,0.07,2125268,0.679,0.316,0.136,0.2341,607508,-29.609988,28.233608
Liberia,LBR,2021,1.19526,0,1.063512,0,0.131748,0,0,0.230149,53,LR,0.28,111369,2000,33.04,231,Monrovia,1386,223.13,0.236,,4.32,0.431,0.8,3070518100.00,0.851,0.119,53.5,Monrovia,63.7,661,0.17,English,0.196,0.04,4937374,0.763,0.129,0.462,0.0281,2548426,6.428055,-9.429499
Guadeloupe,GLP,2021,2.291068,0.41928,1.871788,0,0,0,0,5.78478,0,0,0,0,0,0,0,0,0,0,0,0,0,0,0,0.00,0,0,0,0,0,0,0,0,0,0,0,0,0,0,0,0,0,0
Libya,LBY,2021,74.525079,0,44.3296,17.290753,1.627471,11.277255,0,11.064887,4,LY,0.087,1759540,0,18.83,218,,50564,125.71,0.026,LYD,2.24,0.001,0.11,52076250948.00,1.09,0.605,10.2,,72.7,72,1.88,Arabic,0.367,2.09,6777452,0.497,0,0.326,0.1856,5448597,26.3351,17.228331
Liechtenstein,LIE,2021,0.15095,0,0.095377,0.055573,0,0,0,3.866656,238,LI,0.322,160,0,9.9,423,Vaduz,51,0,0,CHF,1.44,0.431,1.74,6552858739.00,1.047,0.356,0,Schaan,83,0,0,German,0,0,38019,0,0,0.216,0,5464,47.1410392,9.520935
Lithuania,LTU,2021,13.880837,0.731517,8.376843,4.00437,0.556685,0.18161,0.02981,4.981189,43,LT,0.472,65300,34000,10,370,Vilnius,12963,118.38,0.023,EUR,1.63,0.348,1.16,54219315600.00,1.039,0.724,3.3,Vilnius,75.7,8,2.41,Lithuanian,0.321,6.35,2786844,0.616,0.169,0.426,0.0635,1891013,55.169438,23.881275
Luxembourg,LUX,2021,8.354555,0.20919,6.125559,1.571392,0.399139,0.000037,0.049238,13.067857,242,LU,0.537,2586,2000,10.3,352,Luxembourg City,8988,115.09,0.017,EUR,1.37,0.357,1.19,71104919108.00,1.023,0.192,1.9,Luxembourg City,82.1,5,13.05,Luxembourgish,0.106,3.01,645397,0.593,0.265,0.204,0.0536,565488,49.815273,6.129583
Madagascar,MDG,2021,4.244355,1.468185,2.687047,0,0.089123,0,0,0.146784,48,MG,0.712,587041,22000,32.66,261,Antananarivo,3905,184.33,0.056,MGA,4.08,0.214,1.11,14083906357.00,1.425,0.054,38.2,Antananarivo,66.7,335,0.21,French,0.217,0.18,26969307,0.861,0.102,0.383,0.0176,10210849,-18.766947,46.869107
Malawi,MWI,2021,1.552193,0.226761,1.231271,0,0.094161,0,0,0.07804,203,MW,0.614,118484,15000,34.12,265,Lilongwe,1298,418.34,0.094,MWK,4.21,0.332,1.15,7666704427.00,1.425,0.008,35.3,Lilongwe,63.8,349,0.12,English,0.11,0.04,18628747,0.767,0.173,0.345,0.0565,3199301,-13.254308,34.301525
Malaysia,MYS,2021,256.048939,85.794767,71.102631,82.002525,13.385331,3.763685,0,7.626434,99,MY,0.263,329847,136000,16.75,60,Kuala Lumpur,248289,121.46,0.007,MYR,2,0.676,0.45,364701517788.00,1.053,0.451,6.7,Johor Bahru,76,29,0.93,Malaysian language,0.367,1.51,32447385,0.643,0.12,0.387,0.0332,24475766,4.210484,101.975766
Maldives,MDV,2021,2.118174,0,2.118174,0,0,0,0,4.06203,1802,MV,0.263,298,5000,14.2,960,Mal�,1445,99.7,0.002,,1.87,0.033,1.63,5729248472.00,0.971,0.312,7.4,Mal�,78.6,53,0,Divehi,0.164,4.56,530953,0.698,0.195,0.302,0.0614,213645,3.202778,73.22068
Hong Kong,HKG,2021,31.664379,13.833671,7.483871,9.736257,0.61058,0,0,4.224972,0,0,0,0,0,0,0,0,0,0,0,0,0,0,0,0.00,0,0,0,0,0,0,0,0,0,0,0,0,0,0,0,0,0,0
Mali,MLI,2021,4.169758,0,3.782265,0,0.387493,0,0,0.190357,17,ML,0.338,1240192,18000,41.54,223,Bamako,3179,108.73,-0.017,XOF,5.88,0.038,1.12,17510141171.00,0.756,0.045,62,Bamako,58.9,562,0.23,French,0.463,0.13,19658031,0.708,0.116,0.545,0.0722,8479688,17.570692,-3.996166
Malta,MLT,2021,1.724154,0,0.880683,0.84328,0,0,0.000191,3.273205,1380,MT,0.324,316,2000,9.2,356,Valletta,1342,113.45,0.016,EUR,1.23,0.011,1.36,14786156563.00,1.05,0.543,6.1,Birkirkara,82.3,6,5.07,Maltese,0.371,2.86,502653,0.565,0.262,0.44,0.0347,475902,35.937496,14.375416
Marshall Islands,MHL,2021,0.158962,0,0.158962,0,0,0,0,3.780319,329,MH,0.639,181,0,29.03,692,Majuro,143,0,0,USD,4.05,0.702,1.44,221278000.00,0.847,0.237,27.4,Majuro,65.2,0,2,Marshallese,0.1,0.42,58791,0,0.178,0.659,0,45514,7.131474,171.184478
Mauritania,MRT,2021,4.118111,0,4.118111,0,0,0,0,0.892337,5,MR,0.385,1030700,21000,33.69,222,Nouakchott,2739,135.02,0.023,MRU,4.56,0.002,1.13,7593752450.00,0.999,0.05,51.5,Nouakchott,64.7,766,0.53,Arabic,0.482,0.19,4525696,0.459,0,0.67,0.0955,2466821,21.00789,-10.940835
Mauritius,MUS,2021,4.471674,1.637295,2.834379,0,0,0,0,3.442622,626,MU,0.424,2040,3000,10.2,230,Port Louis,4349,129.91,0.004,MUR,1.41,0.19,1.12,14180444557.00,1.011,0.406,13.6,Port Louis,74.4,61,0.38,French,0.507,2.53,1265711,0.583,0.191,0.222,0.0667,515980,-20.348404,57.552152
Mexico,MEX,2021,407.205037,19.360577,195.715517,157.552711,22.339198,12.237033,0,3.213801,66,MX,0.546,1964375,336000,17.6,52,Mexico City,486406,141.54,0.036,MXN,2.13,0.339,0.73,1258286717125.00,1.058,0.402,11,Mexico City,75,33,0.49,None,0.414,2.38,126014024,0.607,0.131,0.551,0.0342,102626859,23.634501,-102.552784
International Transport,XIT,2021,1021.749204,0,1021.749204,0,0,0,0,0,0,0,0,0,0,0,0,0,0,0,0,0,0,0,0,0.00,0,0,0,0,0,0,0,0,0,0,0,0,0,0,0,0,0,0
Moldova,MDA,2021,5.60151,0.416131,2.612844,1.936286,0.636249,0,0,1.829658,123,MD,0.742,33851,7000,10.1,373,Chi����,5115,166.2,0.048,MDL,1.26,0.126,0.8,11955435457.00,0.906,0.398,13.6,Chi����,71.8,19,0.31,Romanian,0.462,3.21,2657637,0.431,0.177,0.387,0.0547,1135502,47.411631,28.369885
Mongolia,MNG,2021,50.315914,44.400088,5.428566,0,0.487261,0,0,15.029627,2,MN,0.715,1564116,18000,24.13,976,Ulaanbaatar,25368,195.76,0.073,MNT,2.9,0.08,0.72,13852850259.00,1.04,0.656,14,Ulaanbaatar,69.7,45,0.65,Mongolian,0.393,2.86,3225167,0.597,0.168,0.257,0.0601,2210626,46.862496,103.846656
Ireland,IRL,2021,37.540329,6.292886,18.438844,10.501618,1.76964,0.000334,0.537006,7.528353,0,0,0,0,0,0,0,0,0,0,0,0,0,0,0,0.00,0,0,0,0,0,0,0,0,0,0,0,0,0,0,0,0,0,0
Montenegro,MNE,2021,1.751386,0.786839,0.964547,0,0,0,0,2.789458,47,ME,0.19,13812,12000,11.73,382,Podgorica,2017,116.32,0.026,EUR,1.75,0.615,1.16,5494736901.00,1,0.561,2.3,Podgorica,76.8,6,1.23,Montenegrin language,0.318,2.76,622137,0.544,0,0.222,0.1488,417765,42.708678,19.37439
Morocco,MAR,2021,70.577665,27.844789,36.158632,1.573744,5.0005,0,0,1.903564,83,MA,0.685,446550,246000,18.94,212,Rabat,61276,111.07,0.002,MAD,2.42,0.126,0.99,118725279596.00,1.139,0.359,19.2,Casablanca,76.5,70,1.6,Arabic,0.531,0.73,36910560,0.453,0.219,0.458,0.0902,22975026,31.791702,-7.09262
Mozambique,MOZ,2021,7.156209,0.049964,4.170887,1.924001,1.011357,0,0,0.223094,40,MZ,0.635,799380,11000,37.52,258,Maputo,7943,182.31,0.028,MZN,4.85,0.48,0.65,14934159926.00,1.126,0.073,54,Maputo,60.2,289,0.27,Portuguese,0.068,0.08,30366036,0.781,0,0.361,0.0324,11092106,-18.665695,35.529562
Myanmar,MMR,2021,36.306759,4.180161,21.384417,7.764305,2.938415,0.039461,0,0.674871,83,MM,0.195,676578,513000,17.55,95,Naypyidaw,25280,168.18,0.088,MMK,2.15,0.436,0.54,76085852617.00,1.123,0.188,36.8,Yangon,66.9,250,0.39,Burmese,0.739,0.68,54045420,0.617,0.054,0.312,0.0158,16674093,21.916221,95.955974
Namibia,NAM,2021,4.014822,0.048576,3.446255,0,0.519991,0,0,1.586792,3,,0.471,824292,16000,28.64,264,Windhoek,4228,157.97,0.037,,3.4,0.083,0.76,12366527719.00,1.242,0.229,29,Windhoek,63.4,195,0,English,0.083,0.42,2494530,0.595,0.271,0.207,0.2027,1273258,-22.95764,18.49041
Nauru,NRU,2021,0.059611,0,0.059611,0,0,0,0,4.764679,541,NR,0,21,0,0,674,Yaren District,0,0,0,AUD,0,0,0,133000000.00,0,0,0,,0,0,0,English,0,0,10084,0,0,0,0,0,-0.522778,166.931503
Nepal,NPL,2021,14.173067,3.642545,6.767824,0,3.762698,0,0,0.471885,203,NP,0.287,147181,112000,19.89,977,Kathmandu,9105,188.73,0.056,NPR,1.92,0.254,0.91,30641380604.00,1.421,0.124,26.7,Kathmandu,70.5,186,0.36,Nepali,0.604,0.75,28608710,0.838,0.207,0.418,0.0141,5765513,28.394857,84.124008
Netherlands,NLD,2021,141.045431,23.00083,47.937075,68.082747,0.006337,0.925194,1.093249,8.058958,508,NL,0.533,41543,41000,9.7,31,Amsterdam,170780,115.91,0.026,,1.59,0.112,1.68,909070395161.00,1.042,0.85,3.3,Amsterdam,81.8,5,10.29,Dutch,0.123,3.61,17332850,0.636,0.23,0.412,0.032,15924729,52.132633,5.291266
New Zealand,NZL,2021,33.789825,6.751966,18.649909,6.657892,0.379157,0.780728,0.570172,6.587061,18,NZ,0.405,268838,9000,11.98,64,Wellington,34382,114.24,0.016,NZD,1.71,0.386,1.4,206928765544.00,1,0.82,4.7,Auckland,81.9,9,11.49,English,0.126,3.59,4841000,0.699,0.29,0.346,0.0407,4258860,-40.900557,174.885971
Nicaragua,NIC,2021,5.05977,0,4.82716,0,0.23261,0,0,0.738594,55,NI,0.421,130370,12000,20.64,505,Managua,5592,162.74,0.054,NIO,2.4,0.259,0.91,12520915291.00,1.206,0.174,15.7,Managua,74.3,98,0.54,Spanish,0.36,0.98,6545502,0.664,0.156,0.606,0.0684,3846137,12.865416,-85.207229
Kosovo,KSV,2021,5.644358,3.216723,2.108867,0,0.318768,0,0,3.396106,0,0,0,0,0,0,0,0,0,0,0,0,0,0,0,0.00,0,0,0,0,0,0,0,0,0,0,0,0,0,0,0,0,0,0
Niger,NER,2021,2.698898,0.341988,2.163008,0,0.100748,0.093154,0,0.106876,19,NE,0.361,1267000,10000,46.08,227,Niamey,2017,109.32,-0.025,XOF,6.91,0.009,0.88,12928145120.00,0.747,0.044,48,Niamey,62,509,0.29,French,0.523,0.04,23310715,0.72,0.118,0.472,0.0047,3850231,17.607789,8.081666
Nigeria,NGA,2021,136.986784,0.153703,74.973605,40.643656,8.757343,12.458478,0,0.641921,226,NG,0.777,923768,215000,37.91,234,Abuja,120369,267.51,0.114,NGN,5.39,0.072,0.46,448120428859.00,0.847,0.102,75.7,Lagos,54.3,917,0.54,English,0.722,0.38,200963599,0.529,0.015,0.348,0.081,102806948,9.081999,8.675277
North Korea,PRK,2021,56.380104,50.454114,3.44551,0,2.48048,0,0,2.170811,214,KP,0.218,120538,1469000,13.89,850,Pyongyang,28284,0,0,KPW,1.9,0.407,0.58,32100000000.00,1.128,0.27,13.7,Pyongyang,72.1,89,0,Korean,0,3.67,25666161,0.804,0,0,0.0274,15947412,40.339852,127.510093
Kuwaiti Oil Fires,,2021,0,0,0,0,0,0,0,0,0,0,0,0,0,0,0,0,0,0,0,0,0,0,0,0.00,0,0,0,0,0,0,0,0,0,0,0,0,0,0,0,0,0,0
North Macedonia,MKD,2021,6.851552,2.393694,3.383253,0.722861,0.351744,0,0,3.257478,83,,0,25713,0,0,389,Skopje,0,0,0,MKD,0,0,0,10220781069.00,0,0,0,Skopje,0,0,0,Macedonian,0.356,0,1836713,0,0,0,0,0,41.608635,21.745275
Norway,NOR,2021,40.918553,4.1776,21.477984,12.672833,0.701255,1.51886,0.37002,7.565853,15,NO,0.027,323802,23000,10.4,47,Oslo,41023,120.27,0.022,NOK,1.56,0.332,1.78,403336363636.00,1.003,0.82,2.1,Oslo,82.8,2,0,Norwegian,0.143,2.92,5347896,0.638,0.239,0.362,0.0335,4418218,60.472024,8.468946
Oman,OMN,2021,80.991181,0,12.195087,62.327405,1.816159,4.65253,0,17.916536,16,OM,0.046,309500,47000,19.19,968,Muscat,63457,113.53,0.001,OMR,2.89,0,0.45,76983094928.00,1.034,0.38,9.8,Seeb,77.6,19,4.33,Arabic,0.064,2,5266535,0.724,0.025,0.274,0.0267,4250777,21.4735329,55.975413
Pakistan,PAK,2021,229.512397,59.956542,74.983799,75.509501,18.620774,0.441781,0,0.991834,287,PK,0.478,796095,936000,28.25,92,Islamabad,201150,182.32,0.106,PKR,3.51,0.019,0.79,304400000000.00,0.943,0.09,57.2,Karachi,67.1,140,0.69,Urdu,0.665,0.98,216565318,0.526,0.092,0.339,0.0445,79927762,30.375321,69.345116
Leeward Islands,,2021,0,0,0,0,0,0,0,0,0,0,0,0,0,0,0,0,0,0,0,0,0,0,0,0.00,0,0,0,0,0,0,0,0,0,0,0,0,0,0,0,0,0,0
Palau,PLW,2021,0.238444,0,0.238444,0,0,0,0,13.229228,39,PW,0.109,459,0,14,680,Ngerulmud,224,118.17,0.013,USD,2.21,0.876,0,283994900.00,1.126,0.547,16.6,Koror,69.1,0,3,English,0.218,1.18,18233,0,0.213,0.766,0,14491,7.51498,134.58252
Panama,PAN,2021,13.03162,2.924487,8.625756,0.911482,0.569895,0,0,2.994902,58,PA,0.304,75420,26000,18.98,507,Panama City,10715,122.07,-0.004,,2.46,0.619,0.74,66800800000.00,0.944,0.478,13.1,Panama City,78.3,52,1.53,Spanish,0.305,1.57,4246439,0.666,0,0.372,0.039,2890084,8.537981,-80.782127
Papua New Guinea,PNG,2021,8.509555,0,7.594429,0.791403,0,0.123723,0,0.85528,20,PG,0.026,462840,4000,27.07,675,Port Moresby,7536,155.99,0.036,PGK,3.56,0.741,1.36,24969611435.00,1.085,0.018,38,Port Moresby,64.3,145,1.16,Tok Pisin,0.058,0.07,8776109,0.472,0.136,0.371,0.0246,1162834,-6.314993,143.95555
Paraguay,PRY,2021,8.576565,0.001891,8.171023,0,0.40365,0,0,1.279359,18,PY,0.551,406752,27000,20.57,595,Asunci��,7407,143.82,0.028,PYG,2.43,0.377,1.04,38145288940.00,1.044,0.346,17.2,Ciudad del Este,74.1,129,1.55,Spanish,0.365,1.35,7044636,0.721,0.1,0.35,0.0481,4359150,-23.442503,-58.443832
Peru,PER,2021,56.282,2.479681,33.814579,15.320304,4.546156,0.121279,0,1.669323,26,PE,0.185,1285216,158000,17.95,51,Lima,57414,129.78,0.021,PEN,2.25,0.577,0.99,226848050820.00,1.069,0.707,11.1,Lima,76.5,88,1.28,Spanish,0.309,1.27,32510453,0.776,0.143,0.368,0.0331,25390339,-9.189967,-75.015152
Philippines,PHL,2021,144.263875,74.912241,50.923127,6.591067,11.674557,0.162883,0,1.266802,368,PH,0.417,300000,153000,20.55,63,Manila,122287,129.61,0.025,PHP,2.58,0.278,0.86,376795508680.00,1.075,0.355,22.5,Manila,71.1,121,1.12,English,0.535,0.6,108116615,0.596,0.14,0.431,0.0215,50975903,12.879721,121.774017
Poland,POL,2021,328.579763,179.501978,91.709086,40.570439,7.496242,4.225053,5.076966,8.577376,124,PL,0.469,312685,191000,10.2,48,Warsaw,299037,114.11,0.022,PLN,1.46,0.309,1.07,592164400688.00,1,0.678,3.8,Warsaw,77.6,2,2.93,Polish,0.232,2.38,37970874,0.567,0.174,0.408,0.0347,22796574,51.919438,19.145136
Macao,MAC,2021,1.286771,0,1.03723,0.249541,0,0,0,1.874101,0,0,0,0,0,0,0,0,0,0,0,0,0,0,0,0.00,0,0,0,0,0,0,0,0,0,0,0,0,0,0,0,0,0,0
Portugal,PRT,2021,40.797216,1.101646,23.885778,11.648769,2.309659,1.012769,0.838594,3.964704,111,PT,0.395,92212,52000,8.5,351,Lisbon,48742,110.62,0.003,EUR,1.38,0.346,1.54,237686075635.00,1.062,0.639,3.1,Lisbon,81.3,8,3.78,Portuguese,0.277,5.12,10269417,0.588,0.228,0.398,0.0633,6753579,39.399872,-8.224454
Qatar,QAT,2021,95.66718,0,8.67304,83.531259,1.571676,1.891205,0,35.587357,248,QA,0.058,11586,22000,9.54,974,Doha,103259,115.38,-0.007,QAR,1.87,0,0.4,183466208791.00,1.038,0.179,5.8,Doha,80.1,9,0,Arabic,0.062,2.49,2832067,0.868,0.147,0.113,0.0009,2809071,25.354826,51.183884
Romania,ROU,2021,79.32686,16.450983,31.801002,25.509732,3.901027,0.793885,0.870231,4.104127,84,RO,0.588,238391,126000,9.6,40,Bucharest,69259,123.78,0.038,RON,1.71,0.301,1.16,250077444017.00,0.852,0.494,6.1,Bucharest,75.4,19,2.25,Romanian,0.213,2.98,19356544,0.547,0.146,0.2,0.0398,10468793,45.943161,24.96676
Russia,RUS,2021,1755.54739,380.227147,403.080393,875.051751,21.920821,58.921786,16.345492,12.09865,9,RU,0.133,17098240,1454000,11.5,7,Moscow,1732027,180.75,0.045,RUB,1.57,0.498,0.59,1699876578871.00,1.026,0.819,6.1,Moscow,72.7,17,0.53,Russian,0.364,4.01,144373535,0.618,0.114,0.462,0.0459,107683889,61.52401,105.318756
Rwanda,RWA,2021,1.754532,0.019217,1.469808,0.101907,0.1636,0,0,0.130333,525,RW,0.734,26338,35000,31.7,250,Kigali,1115,151.09,0.034,RWF,4.04,0.197,1.17,10122472590.00,1.33,0.067,27,Kigali,68.7,248,0,Swahili,0.26,0.13,12626950,0.837,0.143,0.332,0.0103,2186104,-1.940278,29.873888
Saint Kitts and Nevis,KNA,2021,0.237794,0,0.237794,0,0,0,0,4.995041,205,KN,0.231,261,0,12.6,1,Basseterre,238,104.57,-0.01,XCD,2.11,0.423,0,1050992593.00,1.087,0.867,9.8,Basseterre,71.3,0,3.33,English,0.566,2.52,52823,0,0.185,0.497,0,16269,17.357822,-62.782998
Saint Lucia,LCA,2021,0.485927,0,0.485927,0,0,0,0,2.704837,301,LC,0.174,616,0,12,1,Castries,414,110.13,0.019,XCD,1.44,0.332,1.3,2122450630.00,1.026,0.141,14.9,Castries,76.1,117,0,English,0.484,0.64,182790,0.671,0.182,0.347,0.2071,34280,13.909444,-60.978893
Saint Vincent and the Grenadines,VCT,2021,0.21367,0,0.21367,0,0,0,0,2.047981,284,VC,0.256,389,0,14.24,1,Kingstown,220,109.67,0.023,XCD,1.89,0.692,0,825385185.00,1.134,0.237,14.8,Calliaqua,72.4,68,1.16,English,0.214,0.66,100455,0.659,0.254,0.37,0.1888,58185,12.984305,-61.287228
Samoa,WSM,2021,0.29408,0,0.29408,0,0,0,0,1.344282,70,WS,0.124,2831,0,24.38,685,Apia,246,117.56,0.01,WST,3.88,0.604,0.91,850655017.00,1.105,0.076,13.6,Apia,73.2,43,0.78,Samoan,0.115,0.34,202506,0.437,0.255,0.193,0.0836,35588,-13.759029,-172.104629
Martinique,MTQ,2021,2.100146,0,2.100146,0,0,0,0,5.6946,0,0,0,0,0,0,0,0,0,0,0,0,0,0,0,0.00,0,0,0,0,0,0,0,0,0,0,0,0,0,0,0,0,0,0
Saudi Arabia,SAU,2021,672.37987,0,369.721417,270.065088,28.688192,3.905174,0,18.702989,16,SA,0.808,2149690,252000,17.8,966,Riyadh,563449,118.4,-0.012,SAR,2.32,0.005,0.24,792966838162.00,0.998,0.68,6,Riyadh,75,17,3.85,Arabic,0.15,2.61,34268528,0.559,0.089,0.157,0.0593,28807838,23.885942,45.079162
Senegal,SEN,2021,13.59791,2.190262,8.700009,0.033937,2.673702,0,0,0.80572,87,SN,0.461,196722,19000,34.52,221,Dakar,10902,109.25,0.018,XOF,4.63,0.428,1.14,23578084052.00,0.81,0.128,31.8,Pikine,67.7,315,0.31,French,0.442,0.07,16296364,0.457,0.163,0.448,0.066,7765706,14.497401,-14.452362
Mayotte,MYT,2021,0.273281,0,0.273281,0,0,0,0,0.864775,0,0,0,0,0,0,0,0,0,0,0,0,0,0,0,0.00,0,0,0,0,0,0,0,0,0,0,0,0,0,0,0,0,0,0
Serbia,SRB,2021,30.868986,16.012263,8.70167,5.195977,0.959075,0,0,4.230501,100,RS,0.393,77474,32000,9.2,381,Belgrade,45221,144,0.018,RSD,1.49,0.311,1.16,51409167351.00,1.003,0.672,4.8,Belgrade,75.5,12,1.57,Serbian,0.406,3.11,6944975,0.549,0.186,0.366,0.1269,3907243,44.016521,21.005859
Seychelles,SYC,2021,0.568279,0,0.568279,0,0,0,0,5.337406,214,SC,0.034,455,0,17.1,248,"Victoria, Seychelles",605,129.96,0.018,SCR,2.41,0.884,0,1698843063.00,1.004,0.171,12.4,"Victoria, Seychelles",72.8,53,2,French,0.025,0.95,97625,0,0.341,0.301,0,55762,-4.679574,55.491977
Micronesia (Federated States of),FSM,2021,0.158962,0,0.158962,0,0,0,0,1.405118,0,0,0,0,0,0,0,0,0,0,0,0,0,0,0,0.00,0,0,0,0,0,0,0,0,0,0,0,0,0,0,0,0,0,0
Sierra Leone,SLE,2021,1.299404,0,1.299404,0,0,0,0,0.154312,111,SL,0.547,71740,9000,33.41,232,Freetown,1093,234.16,0.148,SLL,4.26,0.431,1.08,3941474311.00,1.128,0.02,78.5,Freetown,54.3,1120,0.57,English,0.382,0.03,7813215,0.579,0.086,0.307,0.0443,3319366,8.460555,-11.779889
Singapore,SGP,2021,32.506889,3.348566,6.933074,22.225249,0,0,0,5.471564,8358,SG,0.009,716,81000,8.8,65,,37535,114.41,0.006,SGD,1.14,0.231,1.25,372062527489.00,1.006,0.848,2.3,,83.1,8,0,Malay,0.367,2.29,5703569,0.705,0.131,0.21,0.0411,5703569,1.352083,103.819836
Slovakia,SVK,2021,35.308218,12.579047,10.094408,10.394417,1.443145,0.013168,0.784032,6.4814,114,SK,0.392,49035,16000,10.6,421,Bratislava,32424,115.34,0.027,EUR,1.52,0.404,1.32,105422304976.00,0.987,0.466,4.6,Bratislava,77.2,5,3.11,Slovak,0.184,3.42,5454073,0.595,0.187,0.497,0.0556,2930419,48.669026,19.699024
Slovenia,SVN,2021,12.54933,3.614252,6.3875,1.842921,0.474881,0.125095,0.104681,5.921143,103,SI,0.307,20273,7000,9.4,386,Ljubljana,12633,111.05,0.016,EUR,1.6,0.62,1.32,53742159517.00,1.004,0.786,1.7,Ljubljana,81,7,5.25,Slovene language,0.125,3.09,2087946,0.584,0.186,0.31,0.042,1144654,46.151241,14.995463
Solomon Islands,SLB,2021,0.317925,0,0.317925,0,0,0,0,0.449141,25,SB,0.039,28896,0,32.44,677,Honiara,169,133.06,0.016,SBD,4.4,0.779,0,1425074226.00,1.062,0,17.1,Honiara,72.8,104,0.4,English,0.033,0.19,669823,0.838,0.295,0.32,0.0058,162164,-9.64571,160.156194
Montserrat,MSR,2021,0.020678,0,0.020678,0,0,0,0,4.681398,0,0,0,0,0,0,0,0,0,0,0,0,0,0,0,0.00,0,0,0,0,0,0,0,0,0,0,0,0,0,0,0,0,0,0
Somalia,SOM,2021,0.610374,0,0.610374,0,0,0,0,0.035766,25,SO,0.703,637657,20000,41.75,252,Mogadishu,645,0,0,SOS,6.07,0.1,1.41,4720727278.00,0.234,0.025,76.6,Bosaso,57.1,829,0,Arabic,0,0.02,15442905,0.474,0,0,0.1135,7034861,5.152149,46.199616
South Africa,ZAF,2021,435.928899,370.266547,52.305232,8.233757,5.070967,0.052396,0,7.339827,49,ZA,0.798,1219090,80000,20.51,27,Pretoria,476644,158.93,0.041,ZAR,2.41,0.076,0.92,351431649241.00,1.009,0.224,28.5,Johannesburg,63.9,119,0,Afrikaans,0.077,0.91,58558270,0.56,0.275,0.292,0.2818,39149717,-30.559482,22.937506
South Korea,KOR,2021,616.074996,283.908353,171.484229,126.789734,23.704068,0.006091,10.18252,11.886424,527,KR,0.174,99720,634000,6.4,82,Seoul,620302,115.16,0.004,KRW,0.98,0.634,1.22,2029000000000.00,0.981,0.943,2.7,Seoul,82.6,11,6.49,Korean,0.368,2.36,51709098,0.63,0.156,0.332,0.0415,42106719,35.907757,127.766922
South Sudan,SSD,2021,1.58206,0,1.58206,0,0,0,0,0.147192,18,SS,0,644329,185000,35.01,211,Juba,1727,4583.71,1.879,SSP,4.7,0,0.28,11997800751.00,0.73,0,63.7,Juba,57.6,1150,0,English,0.613,0,11062113,0.724,0,0.314,0.1224,2201250,6.8769919,31.3069788
New Caledonia,NCL,2021,5.496273,2.641332,2.825557,0,0.029384,0,0,19.097542,0,0,0,0,0,0,0,0,0,0,0,0,0,0,0,0.00,0,0,0,0,0,0,0,0,0,0,0,0,0,0,0,0,0,0
Niue,NIU,2021,0.011922,0,0.011922,0,0,0,0,6.154972,0,0,0,0,0,0,0,0,0,0,0,0,0,0,0,0.00,0,0,0,0,0,0,0,0,0,0,0,0,0,0,0,0,0,0
Occupied Palestinian Territory,PSE,2021,3.092231,0,3.092231,0,0,0,0,0.602376,0,0,0,0,0,0,0,0,0,0,0,0,0,0,0,0.00,0,0,0,0,0,0,0,0,0,0,0,0,0,0,0,0,0,0
Pacific Islands (Palau),,2021,0,0,0,0,0,0,0,0,0,0,0,0,0,0,0,0,0,0,0,0,0,0,0,0.00,0,0,0,0,0,0,0,0,0,0,0,0,0,0,0,0,0,0
Panama Canal Zone,PCZ,2021,0,0,0,0,0,0,0,0,0,0,0,0,0,0,0,0,0,0,0,0,0,0,0,0.00,0,0,0,0,0,0,0,0,0,0,0,0,0,0,0,0,0,0
Puerto Rico,PRI,2021,0,0,0,0,0,0,0,0,0,0,0,0,0,0,0,0,0,0,0,0,0,0,0,0.00,0,0,0,0,0,0,0,0,0,0,0,0,0,0,0,0,0,0
Reunion,REU,2021,4.102958,1.883018,2.21994,0,0,0,0,4.246802,0,0,0,0,0,0,0,0,0,0,0,0,0,0,0,0.00,0,0,0,0,0,0,0,0,0,0,0,0,0,0,0,0,0,0
Ryukyu Islands,,2021,0,0,0,0,0,0,0,0,0,0,0,0,0,0,0,0,0,0,0,0,0,0,0,0.00,0,0,0,0,0,0,0,0,0,0,0,0,0,0,0,0,0,0
Saint Helena,SHN,2021,0.013785,0,0.013785,0,0,0,0,2.550917,0,0,0,0,0,0,0,0,0,0,0,0,0,0,0,0.00,0,0,0,0,0,0,0,0,0,0,0,0,0,0,0,0,0,0
Saint Pierre and Miquelon,SPM,2021,0.062033,0,0.062033,0,0,0,0,10.544484,0,0,0,0,0,0,0,0,0,0,0,0,0,0,0,0.00,0,0,0,0,0,0,0,0,0,0,0,0,0,0,0,0,0,0
Sao Tome and Principe,STP,2021,0.131978,0,0.131978,0,0,0,0,0.591547,0,0,0,0,0,0,0,0,0,0,0,0,0,0,0,0.00,0,0,0,0,0,0,0,0,0,0,0,0,0,0,0,0,0,0
Sint Maarten (Dutch part),SXM,2021,0.647902,0,0.647902,0,0,0,0,14.711011,0,0,0,0,0,0,0,0,0,0,0,0,0,0,0,0.00,0,0,0,0,0,0,0,0,0,0,0,0,0,0,0,0,0,0
Spain,ESP,2021,233.649543,18.575481,133.112623,67.109056,8.608877,3.558305,2.685201,4.920291,94,ES,0.526,505370,196000,7.9,34,Madrid,244002,110.96,0.007,EUR,1.26,0.369,1.26,1394116310769.00,1.027,0.889,2.5,Madrid,83.3,4,5.6,Spanish,0.242,3.87,47076781,0.575,0.142,0.47,0.1396,37927409,40.463667,-3.74922
Sri Lanka,LKA,2021,20.78091,6.076669,13.193056,0,1.511185,0,0,0.954416,341,LK,0.437,65610,317000,15.83,94,Colombo,23362,155.53,0.035,LKR,2.2,0.329,0.88,84008783756.00,1.002,0.196,6.4,Colombo,76.8,36,0.35,Tamil,0.384,1,21803000,0.539,0.119,0.552,0.042,4052088,7.873054,80.771797
St. Kitts-Nevis-Anguilla,KNA,2021,0,0,0,0,0,0,0,0,0,0,0,0,0,0,0,0,0,0,0,0,0,0,0,0.00,0,0,0,0,0,0,0,0,0,0,0,0,0,0,0,0,0,0
Sudan,SDN,2021,21.038215,0,19.02682,0,1.555589,0.455806,0,0.460786,25,SD,0.287,1861484,124000,32.18,249,Khartoum,20000,1344.19,0.51,SDG,4.41,0.081,0.95,18902284476.00,0.768,0.169,42.1,Omdurman,65.1,295,0.41,Arabic,0.632,0.26,42813238,0.484,0.08,0.454,0.1653,14957233,12.862807,30.217636
Suriname,SUR,2021,2.793206,0,2.77081,0.010566,0.01183,0,0,4.556728,4,SR,0.006,163820,2000,18.54,597,Paramaribo,1738,294.66,0.22,SRD,2.42,0.983,1.29,3985250737.00,1.088,0.126,16.9,Paramaribo,71.6,120,0,Dutch,0.101,1.21,581372,0.511,0.195,0.279,0.0733,384258,3.919305,-56.027783
Swaziland,SWZ,2021,1.087219,0.190836,0.896383,0,0,0,0,0.911889,0,0,0,0,0,0,0,0,0,0,0,0,0,0,0,0.00,0,0,0,0,0,0,0,0,0,0,0,0,0,0,0,0,0,0
Sweden,SWE,2021,35.848949,5.553458,26.562522,1.484117,1.272062,0.444958,0.531832,3.424918,25,SE,0.074,450295,30000,11.4,46,Stockholm,43252,110.51,0.018,SEK,1.76,0.689,1.42,530832908738.00,1.266,0.67,2.2,S�����,82.5,4,0,Swedish,0.152,3.98,10285453,0.646,0.279,0.491,0.0648,9021165,60.128161,18.643501
Switzerland,CHE,2021,34.931692,0.413264,25.420495,7.229757,1.679247,0.026395,0.162533,4.019107,219,CH,0.384,41277,21000,10,41,Bern,34477,99.55,0.004,CHF,1.52,0.318,1.45,703082435360.00,1.052,0.596,3.7,Z���,83.6,5,0,German,0.283,4.3,8574832,0.683,0.101,0.288,0.0458,6332428,46.818188,8.227512
Syria,SYR,2021,27.00077,0.002535,17.435879,6.837296,0.768375,1.956685,0,1.266193,95,SY,0.758,185180,239000,23.69,963,Damascus,28830,143.2,0.367,SYP,2.81,0.027,0.83,40405006007.00,0.817,0.401,14,Damascus,71.8,31,1.02,Arabic,0.537,1.22,17070135,0.441,0.142,0.427,0.0837,9358019,34.802075,38.996815
Taiwan,TWN,2021,282.856073,154.887128,65.905433,55.085732,5.849852,0.134928,0.993,11.854867,0,0,0,0,0,0,0,0,0,0,0,0,0,0,0,0.00,0,0,0,0,0,0,0,0,0,0,0,0,0,0,0,0,0,0
Tajikistan,TJK,2021,10.336408,5.184992,2.786801,0.311116,2.053499,0,0,1.060138,68,TJ,0.341,144100,17000,30.76,992,Dushanbe,5310,148.57,0.06,TJS,3.59,0.03,0.71,8116626794.00,1.009,0.313,30.4,Dushanbe,70.9,17,0.23,Persian,0.631,1.7,9321018,0.42,0.098,0.673,0.1102,2545477,38.861034,71.276093
Tanzania,TZA,2021,13.058865,1.983202,6.468557,2.082976,2.52413,0,0,0.205366,67,TZ,0.448,947300,28000,36.7,255,Dodoma,11973,187.43,0.035,TZS,4.89,0.516,0.87,63177068175.00,0.942,0.04,37.6,Dar es Salaam,65,524,0.09,Swahili,0.261,0.01,58005463,0.834,0.115,0.438,0.0198,20011885,-6.369028,34.888822
Thailand,THA,2021,278.495695,70.646945,108.752895,77.3884,21.151106,0.556348,0,3.889545,137,TH,0.433,513120,455000,10.34,66,Bangkok,283763,113.27,0.007,THB,1.53,0.322,0.71,543649976166.00,0.998,0.493,7.8,Bangkok,76.9,37,1.06,Thai,0.118,0.81,69625582,0.673,0.149,0.295,0.0075,35294600,15.870032,100.992541
Timor-Leste,TLS,2021,0.736328,0,0.65572,0,0,0.080608,0,0.557426,0,0,0,0,0,0,0,0,0,0,0,0,0,0,0,0.00,0,0,0,0,0,0,0,0,0,0,0,0,0,0,0,0,0,0
Togo,TGO,2021,2.34202,0,1.279413,0.22059,0.842017,0,0,0.270916,152,TG,0.702,56785,10000,33.11,228,Lom�,3000,113.3,0.007,XOF,4.32,0.031,0.71,5459979417.00,1.238,0.145,47.4,Lom�,60.8,396,0.34,French,0.51,0.08,8082366,0.776,0.169,0.482,0.0204,3414638,8.619543,0.824782
Tonga,TON,2021,0.174859,0,0.174859,0,0,0,0,1.649345,147,TO,0.458,747,0,24.3,676,Nuku����,128,121.09,0.074,TOP,3.56,0.125,0,450353314.00,1.163,0.064,13.4,Nuku����,70.8,52,0,Tongan Language,0.102,0.52,100209,0.598,0.223,0.275,0.0112,24145,-21.178986,-175.198242
Trinidad and Tobago,TTO,2021,36.124037,0,3.076824,32.505711,0.262849,0.278654,0,23.677599,273,TT,0.105,5128,4000,12.94,1,Port of Spain,43868,141.75,0.01,TTD,1.73,0.46,0.54,24100202834.00,1.062,0.12,16.4,Chaguanas,73.4,67,2.25,English,0.373,4.17,1394973,0.6,0.195,0.405,0.0269,741944,10.691803,-61.222503
Tunisia,TUN,2021,31.582747,0,14.16588,13.681693,3.223213,0.511962,0,2.575462,76,TN,0.648,163610,48000,17.56,216,Tunis,29937,155.33,0.067,TND,2.2,0.068,0.73,38797709924.00,1.154,0.317,14.6,Tunis,76.5,43,0.47,Arabic,0.398,1.3,11694719,0.461,0.211,0.607,0.1602,8099061,33.886917,9.537499
Turkey,TUR,2021,446.204185,162.562331,118.359993,114.395247,44.394708,0.195236,6.29667,5.263368,110,TR,0.498,783562,512000,16.03,90,Ankara,372725,234.44,0.152,TRY,2.07,0.154,1.42,754411708203.00,0.932,0.239,9.1,Istanbul,77.4,17,3.45,Turkish,0.169,1.85,83429615,0.528,0.179,0.423,0.1349,63097818,38.963745,35.243322
Turkmenistan,TKM,2021,83.006808,0,20.524557,58.7603,1.522633,2.199318,0,13.088727,13,TM,0.72,488100,42000,23.83,993,Ashgabat,70630,0,0,TMT,2.79,0.088,0.29,40761142857.00,0.884,0.08,39.3,Ashgabat,68.1,7,0.88,Turkmen,0.711,2.22,5942089,0.645,0,0,0.0391,3092738,38.969719,59.556278
Turks and Caicos Islands,TCA,2021,0.341183,0,0.341183,0,0,0,0,7.562677,0,0,0,0,0,0,0,0,0,0,0,0,0,0,0,0.00,0,0,0,0,0,0,0,0,0,0,0,0,0,0,0,0,0,0
Tuvalu,TUV,2021,0.007948,0,0.007948,0,0,0,0,0.7094,393,TV,0.6,26,0,0,688,Funafuti,11,0,0,AUD,0,0.333,0,47271463.00,0.86,0,20.6,Singapore,0,0,0,Tuvaluan Language,0.007,0.92,11646,0,0,0,0,7362,-7.109535,177.64933
Uganda,UGA,2021,5.780464,0,5.1987,0,0.581764,0,0,0.126063,229,UG,0.719,241038,46000,38.14,256,Kampala,5680,173.87,0.029,UGX,4.96,0.097,0.94,34387229486.00,1.027,0.048,33.8,Buganda,63,375,0.01,Swahili,0.405,0.17,44269594,0.703,0.117,0.337,0.0184,10784516,1.373333,32.290275
Ukraine,UKR,2021,201.857716,101.829705,36.453332,54.076202,4.421499,2.303971,2.773007,4.637058,75,UA,0.717,603550,297000,8.7,380,Kyiv,202250,281.66,0.079,UAH,1.3,0.167,0.83,153781069118.00,0.99,0.827,7.5,Kyiv,71.6,19,0.84,Ukrainian,0.478,2.99,44385155,0.542,0.201,0.452,0.0888,30835699,48.379433,31.16558
United Arab Emirates,ARE,2021,204.086658,6.695359,59.84288,130.186569,5.727885,1.633964,0,21.792151,118,AE,0.055,83600,63000,10.33,971,Abu Dhabi,206324,114.52,-0.019,AED,1.41,0.046,0.49,421142267938.00,1.084,0.368,6.5,Dubai,77.8,3,0,Arabic,0.178,2.53,9770529,0.821,0.001,0.159,0.0235,8479744,23.424076,53.847818
United Kingdom,GBR,2021,346.773181,23.689725,154.11081,158.864022,3.899688,3.473844,2.735092,5.1541,281,GB,0.717,243610,148000,11,44,London,379025,119.62,0.017,GBP,1.68,0.131,1.46,2827113184696.00,1.012,0.6,3.6,London,81.3,7,10.13,English,0.148,2.81,66834405,0.628,0.255,0.306,0.0385,55908316,55.378051,-3.435973
Uruguay,URY,2021,6.737872,0.001891,6.286873,0.158497,0.290612,0,0,1.966539,20,UY,0.826,176215,22000,13.86,598,Montevideo,6766,202.92,0.079,UYU,1.97,0.107,1.5,56045912952.00,1.085,0.631,6.4,Montevideo,77.8,17,1.66,Spanish,0.162,5.05,3461734,0.64,0.201,0.418,0.0873,3303394,-32.522779,-55.765835
United States of America,USA,2021,5007.335889,1002.299987,2233.77818,1637.038462,41.203135,67.684371,25.331754,14.858668,0,0,0,0,0,0,0,0,0,0,0,0,0,0,0,0.00,0,0,0,0,0,0,0,0,0,0,0,0,0,0,0,0,0,0
Uzbekistan,UZB,2021,121.631478,8.083977,11.805991,96.180973,4.67908,0.881457,0,3.568847,79,UZ,0.629,447400,68000,23.3,998,Tashkent,91811,0,0,UZS,2.42,0.075,1.03,57921286440.00,1.042,0.101,19.1,Tashkent,71.6,29,0.24,Uzbek,0.427,2.37,33580650,0.651,0.148,0.316,0.0592,16935729,41.377491,64.585262
Vanuatu,VUT,2021,0.174859,0,0.174859,0,0,0,0,0.547911,25,VU,0.153,12189,0,29.6,678,Port Vila,147,117.13,0.028,VUV,3.78,0.361,1.31,917058851.00,1.093,0.047,22.3,Port Vila,70.3,72,1.56,French,0.089,0.17,299882,0.699,0.178,0.085,0.0439,76152,-15.376706,166.959158
Venezuela,VEN,2021,79.746599,0.036175,30.221861,32.319135,1.774428,15.395,0,2.827907,32,VE,0.245,912050,343000,17.88,58,Caracas,164175,2740.27,2.549,VED,2.27,0.527,0,482359318768.00,0.972,0.793,21.4,Caracas,72.1,125,0.01,Spanish,0.458,1.92,28515829,0.597,0,0.733,0.088,25162368,6.42375,-66.58973
Vietnam,VNM,2021,326.013668,196.518368,60.613903,13.679221,54.120668,1.081508,0,3.344827,314,VN,0.393,331210,522000,16.75,84,Hanoi,192668,163.52,0.028,VND,2.05,0.481,0.8,261921244843.00,1.106,0.285,16.5,Ho Chi Minh City,75.3,43,0.73,Vietnamese,0.435,0.82,96462106,0.774,0.191,0.376,0.0201,35332140,14.058324,108.277199
Wallis and Futuna Islands,WLF,2021,0.027818,0,0.027818,0,0,0,0,2.392571,0,0,0,0,0,0,0,0,0,0,0,0,0,0,0,0.00,0,0,0,0,0,0,0,0,0,0,0,0,0,0,0,0,0,0
Yemen,YEM,2021,12.476597,0.245909,9.59251,0.206611,0.663596,1.767971,0,0.378289,56,YE,0.446,527968,40000,30.45,967,Sanaa,10609,157.58,0.081,YER,3.79,0.01,0.92,26914402224.00,0.936,0.102,42.9,Sanaa,66.1,164,0,Arabic,0.81,0.31,29161922,0.38,0,0.266,0.1291,10869523,15.552727,48.516388
Zambia,ZMB,2021,7.67618,2.463629,4.251568,0,0.960983,0,0,0.394194,25,ZM,0.321,752618,16000,36.19,260,Lusaka,5141,212.31,0.092,ZMW,4.63,0.652,1.4,23064722446.00,0.987,0.041,40.4,Lusaka,63.5,213,0.24,English,0.275,1.19,17861030,0.746,0.162,0.156,0.1143,7871713,-13.133897,27.849332
Zimbabwe,ZWE,2021,11.296114,7.22562,3.500879,0,0.569615,0,0,0.706293,38,ZW,0.419,390757,51000,30.68,263,Harare,10983,105.51,0.009,,3.62,0.355,1.34,21440758800.00,1.099,0.1,33.9,Harare,61.2,458,0,Shona,0.258,0.21,14645468,0.831,0.207,0.316,0.0495,4717305,-19.015438,29.154857